Case_Name,Is_Reference,S_c,h_c,AOA_deg,W_c,Gap_c,Interaction,EP_Bottom_c,Wing_STL,Wheel_STL,Enable_Mesh,Enable_Solve,Notes
S0.97_h0.08_AOA0_W0.56,False,0.97,0.08,0,0.56,0.070,inboard,0.040,wing_S0.97_h0.08_AOA0.stl,wheel_W0.56.stl,False,False,
S0.97_h0.08_AOA0_W0.63,False,0.97,0.08,0,0.63,0.000,aligned,0.040,wing_S0.97_h0.08_AOA0.stl,wheel_W0.63.stl,False,False,
S0.97_h0.08_AOA0_W0.70,False,0.97,0.08,0,0.70,-0.070,outboard_weak,0.040,wing_S0.97_h0.08_AOA0.stl,wheel_W0.70.stl,False,False,
S0.97_h0.08_AOA2_W0.56,False,0.97,0.08,2,0.56,0.070,inboard,0.040,wing_S0.97_h0.08_AOA2.stl,wheel_W0.56.stl,False,False,
S0.97_h0.08_AOA2_W0.63,False,0.97,0.08,2,0.63,0.000,aligned,0.040,wing_S0.97_h0.08_AOA2.stl,wheel_W0.63.stl,False,False,
S0.97_h0.08_AOA2_W0.70,False,0.97,0.08,2,0.70,-0.070,outboard_weak,0.040,wing_S0.97_h0.08_AOA2.stl,wheel_W0.70.stl,False,False,
S0.97_h0.08_AOA4_W0.56,False,0.97,0.08,4,0.56,0.070,inboard,0.040,wing_S0.97_h0.08_AOA4.stl,wheel_W0.56.stl,False,False,
S0.97_h0.08_AOA4_W0.63,False,0.97,0.08,4,0.63,0.000,aligned,0.040,wing_S0.97_h0.08_AOA4.stl,wheel_W0.63.stl,False,False,
S0.97_h0.08_AOA4_W0.70,False,0.97,0.08,4,0.70,-0.070,outboard_weak,0.040,wing_S0.97_h0.08_AOA4.stl,wheel_W0.70.stl,False,False,
S0.97_h0.08_AOA6_W0.56,False,0.97,0.08,6,0.56,0.070,inboard,0.040,wing_S0.97_h0.08_AOA6.stl,wheel_W0.56.stl,False,False,
S0.97_h0.08_AOA6_W0.63,False,0.97,0.08,6,0.63,0.000,aligned,0.040,wing_S0.97_h0.08_AOA6.stl,wheel_W0.63.stl,False,False,
S0.97_h0.08_AOA6_W0.70,False,0.97,0.08,6,0.70,-0.070,outboard_weak,0.040,wing_S0.97_h0.08_AOA6.stl,wheel_W0.70.stl,False,False,
S0.97_h0.08_AOA8_W0.56,False,0.97,0.08,8,0.56,0.070,inboard,0.040,wing_S0.97_h0.08_AOA8.stl,wheel_W0.56.stl,False,False,
S0.97_h0.08_AOA8_W0.63,False,0.97,0.08,8,0.63,0.000,aligned,0.040,wing_S0.97_h0.08_AOA8.stl,wheel_W0.63.stl,False,False,
S0.97_h0.08_AOA8_W0.70,False,0.97,0.08,8,0.70,-0.070,outboard_weak,0.040,wing_S0.97_h0.08_AOA8.stl,wheel_W0.70.stl,False,False,
S0.97_h0.08_AOA10_W0.56,False,0.97,0.08,10,0.56,0.070,inboard,0.040,wing_S0.97_h0.08_AOA10.stl,wheel_W0.56.stl,False,False,
S0.97_h0.08_AOA10_W0.63,False,0.97,0.08,10,0.63,0.000,aligned,0.040,wing_S0.97_h0.08_AOA10.stl,wheel_W0.63.stl,False,False,
S0.97_h0.08_AOA10_W0.70,False,0.97,0.08,10,0.70,-0.070,outboard_weak,0.040,wing_S0.97_h0.08_AOA10.stl,wheel_W0.70.stl,False,False,
S0.97_h0.08_AOA12_W0.56,False,0.97,0.08,12,0.56,0.070,inboard,0.040,wing_S0.97_h0.08_AOA12.stl,wheel_W0.56.stl,False,False,
S0.97_h0.08_AOA12_W0.63,False,0.97,0.08,12,0.63,0.000,aligned,0.040,wing_S0.97_h0.08_AOA12.stl,wheel_W0.63.stl,False,False,
S0.97_h0.08_AOA12_W0.70,False,0.97,0.08,12,0.70,-0.070,outboard_weak,0.040,wing_S0.97_h0.08_AOA12.stl,wheel_W0.70.stl,False,False,
S0.97_h0.13_AOA0_W0.56,False,0.97,0.13,0,0.56,0.070,inboard,0.090,wing_S0.97_h0.13_AOA0.stl,wheel_W0.56.stl,False,False,
S0.97_h0.13_AOA0_W0.63,False,0.97,0.13,0,0.63,0.000,aligned,0.090,wing_S0.97_h0.13_AOA0.stl,wheel_W0.63.stl,False,False,
S0.97_h0.13_AOA0_W0.70,False,0.97,0.13,0,0.70,-0.070,outboard_weak,0.090,wing_S0.97_h0.13_AOA0.stl,wheel_W0.70.stl,False,False,
S0.97_h0.13_AOA2_W0.56,False,0.97,0.13,2,0.56,0.070,inboard,0.090,wing_S0.97_h0.13_AOA2.stl,wheel_W0.56.stl,False,False,
S0.97_h0.13_AOA2_W0.63,False,0.97,0.13,2,0.63,0.000,aligned,0.090,wing_S0.97_h0.13_AOA2.stl,wheel_W0.63.stl,False,False,
S0.97_h0.13_AOA2_W0.70,False,0.97,0.13,2,0.70,-0.070,outboard_weak,0.090,wing_S0.97_h0.13_AOA2.stl,wheel_W0.70.stl,False,False,
S0.97_h0.13_AOA4_W0.56,False,0.97,0.13,4,0.56,0.070,inboard,0.090,wing_S0.97_h0.13_AOA4.stl,wheel_W0.56.stl,False,False,
S0.97_h0.13_AOA4_W0.63,False,0.97,0.13,4,0.63,0.000,aligned,0.090,wing_S0.97_h0.13_AOA4.stl,wheel_W0.63.stl,False,False,
S0.97_h0.13_AOA4_W0.70,False,0.97,0.13,4,0.70,-0.070,outboard_weak,0.090,wing_S0.97_h0.13_AOA4.stl,wheel_W0.70.stl,False,False,
S0.97_h0.13_AOA6_W0.56,False,0.97,0.13,6,0.56,0.070,inboard,0.090,wing_S0.97_h0.13_AOA6.stl,wheel_W0.56.stl,False,False,
S0.97_h0.13_AOA6_W0.63,False,0.97,0.13,6,0.63,0.000,aligned,0.090,wing_S0.97_h0.13_AOA6.stl,wheel_W0.63.stl,False,False,
S0.97_h0.13_AOA6_W0.70,False,0.97,0.13,6,0.70,-0.070,outboard_weak,0.090,wing_S0.97_h0.13_AOA6.stl,wheel_W0.70.stl,False,False,
S0.97_h0.13_AOA8_W0.56,False,0.97,0.13,8,0.56,0.070,inboard,0.090,wing_S0.97_h0.13_AOA8.stl,wheel_W0.56.stl,False,False,
S0.97_h0.13_AOA8_W0.63,False,0.97,0.13,8,0.63,0.000,aligned,0.090,wing_S0.97_h0.13_AOA8.stl,wheel_W0.63.stl,False,False,
S0.97_h0.13_AOA8_W0.70,False,0.97,0.13,8,0.70,-0.070,outboard_weak,0.090,wing_S0.97_h0.13_AOA8.stl,wheel_W0.70.stl,False,False,
S0.97_h0.13_AOA10_W0.56,False,0.97,0.13,10,0.56,0.070,inboard,0.090,wing_S0.97_h0.13_AOA10.stl,wheel_W0.56.stl,False,False,
S0.97_h0.13_AOA10_W0.63,False,0.97,0.13,10,0.63,0.000,aligned,0.090,wing_S0.97_h0.13_AOA10.stl,wheel_W0.63.stl,False,False,
S0.97_h0.13_AOA10_W0.70,False,0.97,0.13,10,0.70,-0.070,outboard_weak,0.090,wing_S0.97_h0.13_AOA10.stl,wheel_W0.70.stl,False,False,
S0.97_h0.13_AOA12_W0.56,False,0.97,0.13,12,0.56,0.070,inboard,0.090,wing_S0.97_h0.13_AOA12.stl,wheel_W0.56.stl,False,False,
S0.97_h0.13_AOA12_W0.63,False,0.97,0.13,12,0.63,0.000,aligned,0.090,wing_S0.97_h0.13_AOA12.stl,wheel_W0.63.stl,False,False,
S0.97_h0.13_AOA12_W0.70,False,0.97,0.13,12,0.70,-0.070,outboard_weak,0.090,wing_S0.97_h0.13_AOA12.stl,wheel_W0.70.stl,False,False,
S0.97_h0.18_AOA0_W0.56,False,0.97,0.18,0,0.56,0.070,inboard,0.140,wing_S0.97_h0.18_AOA0.stl,wheel_W0.56.stl,False,False,
S0.97_h0.18_AOA0_W0.63,False,0.97,0.18,0,0.63,0.000,aligned,0.140,wing_S0.97_h0.18_AOA0.stl,wheel_W0.63.stl,False,False,
S0.97_h0.18_AOA0_W0.70,False,0.97,0.18,0,0.70,-0.070,outboard_weak,0.140,wing_S0.97_h0.18_AOA0.stl,wheel_W0.70.stl,False,False,
S0.97_h0.18_AOA2_W0.56,False,0.97,0.18,2,0.56,0.070,inboard,0.140,wing_S0.97_h0.18_AOA2.stl,wheel_W0.56.stl,False,False,
S0.97_h0.18_AOA2_W0.63,False,0.97,0.18,2,0.63,0.000,aligned,0.140,wing_S0.97_h0.18_AOA2.stl,wheel_W0.63.stl,False,False,
S0.97_h0.18_AOA2_W0.70,False,0.97,0.18,2,0.70,-0.070,outboard_weak,0.140,wing_S0.97_h0.18_AOA2.stl,wheel_W0.70.stl,False,False,
S0.97_h0.18_AOA4_W0.56,False,0.97,0.18,4,0.56,0.070,inboard,0.140,wing_S0.97_h0.18_AOA4.stl,wheel_W0.56.stl,False,False,
S0.97_h0.18_AOA4_W0.63,False,0.97,0.18,4,0.63,0.000,aligned,0.140,wing_S0.97_h0.18_AOA4.stl,wheel_W0.63.stl,False,False,
S0.97_h0.18_AOA4_W0.70,False,0.97,0.18,4,0.70,-0.070,outboard_weak,0.140,wing_S0.97_h0.18_AOA4.stl,wheel_W0.70.stl,False,False,
S0.97_h0.18_AOA6_W0.56,False,0.97,0.18,6,0.56,0.070,inboard,0.140,wing_S0.97_h0.18_AOA6.stl,wheel_W0.56.stl,False,False,
S0.97_h0.18_AOA6_W0.63,False,0.97,0.18,6,0.63,0.000,aligned,0.140,wing_S0.97_h0.18_AOA6.stl,wheel_W0.63.stl,False,False,
S0.97_h0.18_AOA6_W0.70,False,0.97,0.18,6,0.70,-0.070,outboard_weak,0.140,wing_S0.97_h0.18_AOA6.stl,wheel_W0.70.stl,False,False,
S0.97_h0.18_AOA8_W0.56,False,0.97,0.18,8,0.56,0.070,inboard,0.140,wing_S0.97_h0.18_AOA8.stl,wheel_W0.56.stl,False,False,
S0.97_h0.18_AOA8_W0.63,False,0.97,0.18,8,0.63,0.000,aligned,0.140,wing_S0.97_h0.18_AOA8.stl,wheel_W0.63.stl,False,False,
S0.97_h0.18_AOA8_W0.70,False,0.97,0.18,8,0.70,-0.070,outboard_weak,0.140,wing_S0.97_h0.18_AOA8.stl,wheel_W0.70.stl,False,False,
S0.97_h0.18_AOA10_W0.56,False,0.97,0.18,10,0.56,0.070,inboard,0.140,wing_S0.97_h0.18_AOA10.stl,wheel_W0.56.stl,False,False,
S0.97_h0.18_AOA10_W0.63,False,0.97,0.18,10,0.63,0.000,aligned,0.140,wing_S0.97_h0.18_AOA10.stl,wheel_W0.63.stl,False,False,
S0.97_h0.18_AOA10_W0.70,False,0.97,0.18,10,0.70,-0.070,outboard_weak,0.140,wing_S0.97_h0.18_AOA10.stl,wheel_W0.70.stl,False,False,
S0.97_h0.18_AOA12_W0.56,False,0.97,0.18,12,0.56,0.070,inboard,0.140,wing_S0.97_h0.18_AOA12.stl,wheel_W0.56.stl,False,False,
S0.97_h0.18_AOA12_W0.63,False,0.97,0.18,12,0.63,0.000,aligned,0.140,wing_S0.97_h0.18_AOA12.stl,wheel_W0.63.stl,False,False,
S0.97_h0.18_AOA12_W0.70,False,0.97,0.18,12,0.70,-0.070,outboard_weak,0.140,wing_S0.97_h0.18_AOA12.stl,wheel_W0.70.stl,False,False,
S0.97_h0.28_AOA0_W0.56,False,0.97,0.28,0,0.56,0.070,inboard,0.240,wing_S0.97_h0.28_AOA0.stl,wheel_W0.56.stl,False,False,
S0.97_h0.28_AOA0_W0.63,False,0.97,0.28,0,0.63,0.000,aligned,0.240,wing_S0.97_h0.28_AOA0.stl,wheel_W0.63.stl,False,False,
S0.97_h0.28_AOA0_W0.70,False,0.97,0.28,0,0.70,-0.070,outboard_weak,0.240,wing_S0.97_h0.28_AOA0.stl,wheel_W0.70.stl,False,False,
S0.97_h0.28_AOA2_W0.56,False,0.97,0.28,2,0.56,0.070,inboard,0.240,wing_S0.97_h0.28_AOA2.stl,wheel_W0.56.stl,False,False,
S0.97_h0.28_AOA2_W0.63,False,0.97,0.28,2,0.63,0.000,aligned,0.240,wing_S0.97_h0.28_AOA2.stl,wheel_W0.63.stl,False,False,
S0.97_h0.28_AOA2_W0.70,False,0.97,0.28,2,0.70,-0.070,outboard_weak,0.240,wing_S0.97_h0.28_AOA2.stl,wheel_W0.70.stl,False,False,
S0.97_h0.28_AOA4_W0.56,False,0.97,0.28,4,0.56,0.070,inboard,0.240,wing_S0.97_h0.28_AOA4.stl,wheel_W0.56.stl,False,False,
S0.97_h0.28_AOA4_W0.63,False,0.97,0.28,4,0.63,0.000,aligned,0.240,wing_S0.97_h0.28_AOA4.stl,wheel_W0.63.stl,False,False,
S0.97_h0.28_AOA4_W0.70,False,0.97,0.28,4,0.70,-0.070,outboard_weak,0.240,wing_S0.97_h0.28_AOA4.stl,wheel_W0.70.stl,False,False,
S0.97_h0.28_AOA6_W0.56,False,0.97,0.28,6,0.56,0.070,inboard,0.240,wing_S0.97_h0.28_AOA6.stl,wheel_W0.56.stl,False,False,
S0.97_h0.28_AOA6_W0.63,False,0.97,0.28,6,0.63,0.000,aligned,0.240,wing_S0.97_h0.28_AOA6.stl,wheel_W0.63.stl,False,False,
S0.97_h0.28_AOA6_W0.70,False,0.97,0.28,6,0.70,-0.070,outboard_weak,0.240,wing_S0.97_h0.28_AOA6.stl,wheel_W0.70.stl,False,False,
S0.97_h0.28_AOA8_W0.56,False,0.97,0.28,8,0.56,0.070,inboard,0.240,wing_S0.97_h0.28_AOA8.stl,wheel_W0.56.stl,False,False,
S0.97_h0.28_AOA8_W0.63,False,0.97,0.28,8,0.63,0.000,aligned,0.240,wing_S0.97_h0.28_AOA8.stl,wheel_W0.63.stl,False,False,
S0.97_h0.28_AOA8_W0.70,False,0.97,0.28,8,0.70,-0.070,outboard_weak,0.240,wing_S0.97_h0.28_AOA8.stl,wheel_W0.70.stl,False,False,
S0.97_h0.28_AOA10_W0.56,False,0.97,0.28,10,0.56,0.070,inboard,0.240,wing_S0.97_h0.28_AOA10.stl,wheel_W0.56.stl,False,False,
S0.97_h0.28_AOA10_W0.63,False,0.97,0.28,10,0.63,0.000,aligned,0.240,wing_S0.97_h0.28_AOA10.stl,wheel_W0.63.stl,False,False,
S0.97_h0.28_AOA10_W0.70,False,0.97,0.28,10,0.70,-0.070,outboard_weak,0.240,wing_S0.97_h0.28_AOA10.stl,wheel_W0.70.stl,False,False,
S0.97_h0.28_AOA12_W0.56,False,0.97,0.28,12,0.56,0.070,inboard,0.240,wing_S0.97_h0.28_AOA12.stl,wheel_W0.56.stl,False,False,
S0.97_h0.28_AOA12_W0.63,False,0.97,0.28,12,0.63,0.000,aligned,0.240,wing_S0.97_h0.28_AOA12.stl,wheel_W0.63.stl,False,False,
S0.97_h0.28_AOA12_W0.70,False,0.97,0.28,12,0.70,-0.070,outboard_weak,0.240,wing_S0.97_h0.28_AOA12.stl,wheel_W0.70.stl,False,False,
S1.06_h0.08_AOA0_W0.56,False,1.06,0.08,0,0.56,-0.020,aligned,0.040,wing_S1.06_h0.08_AOA0.stl,wheel_W0.56.stl,False,False,
S1.06_h0.08_AOA0_W0.63,False,1.06,0.08,0,0.63,-0.090,outboard_weak,0.040,wing_S1.06_h0.08_AOA0.stl,wheel_W0.63.stl,False,False,
S1.06_h0.08_AOA0_W0.70,False,1.06,0.08,0,0.70,-0.160,outboard_strong,0.040,wing_S1.06_h0.08_AOA0.stl,wheel_W0.70.stl,False,False,
S1.06_h0.08_AOA2_W0.56,False,1.06,0.08,2,0.56,-0.020,aligned,0.040,wing_S1.06_h0.08_AOA2.stl,wheel_W0.56.stl,False,False,
S1.06_h0.08_AOA2_W0.63,False,1.06,0.08,2,0.63,-0.090,outboard_weak,0.040,wing_S1.06_h0.08_AOA2.stl,wheel_W0.63.stl,False,False,
S1.06_h0.08_AOA2_W0.70,False,1.06,0.08,2,0.70,-0.160,outboard_strong,0.040,wing_S1.06_h0.08_AOA2.stl,wheel_W0.70.stl,False,False,
S1.06_h0.08_AOA4_W0.56,False,1.06,0.08,4,0.56,-0.020,aligned,0.040,wing_S1.06_h0.08_AOA4.stl,wheel_W0.56.stl,False,False,
S1.06_h0.08_AOA4_W0.63,False,1.06,0.08,4,0.63,-0.090,outboard_weak,0.040,wing_S1.06_h0.08_AOA4.stl,wheel_W0.63.stl,False,False,
S1.06_h0.08_AOA4_W0.70,False,1.06,0.08,4,0.70,-0.160,outboard_strong,0.040,wing_S1.06_h0.08_AOA4.stl,wheel_W0.70.stl,False,False,
S1.06_h0.08_AOA6_W0.56,False,1.06,0.08,6,0.56,-0.020,aligned,0.040,wing_S1.06_h0.08_AOA6.stl,wheel_W0.56.stl,False,False,
S1.06_h0.08_AOA6_W0.63,False,1.06,0.08,6,0.63,-0.090,outboard_weak,0.040,wing_S1.06_h0.08_AOA6.stl,wheel_W0.63.stl,False,False,
S1.06_h0.08_AOA6_W0.70,False,1.06,0.08,6,0.70,-0.160,outboard_strong,0.040,wing_S1.06_h0.08_AOA6.stl,wheel_W0.70.stl,False,False,
S1.06_h0.08_AOA8_W0.56,False,1.06,0.08,8,0.56,-0.020,aligned,0.040,wing_S1.06_h0.08_AOA8.stl,wheel_W0.56.stl,False,False,
S1.06_h0.08_AOA8_W0.63,False,1.06,0.08,8,0.63,-0.090,outboard_weak,0.040,wing_S1.06_h0.08_AOA8.stl,wheel_W0.63.stl,False,False,
S1.06_h0.08_AOA8_W0.70,False,1.06,0.08,8,0.70,-0.160,outboard_strong,0.040,wing_S1.06_h0.08_AOA8.stl,wheel_W0.70.stl,False,False,
S1.06_h0.08_AOA10_W0.56,False,1.06,0.08,10,0.56,-0.020,aligned,0.040,wing_S1.06_h0.08_AOA10.stl,wheel_W0.56.stl,False,False,
S1.06_h0.08_AOA10_W0.63,False,1.06,0.08,10,0.63,-0.090,outboard_weak,0.040,wing_S1.06_h0.08_AOA10.stl,wheel_W0.63.stl,False,False,
S1.06_h0.08_AOA10_W0.70,False,1.06,0.08,10,0.70,-0.160,outboard_strong,0.040,wing_S1.06_h0.08_AOA10.stl,wheel_W0.70.stl,False,False,
S1.06_h0.08_AOA12_W0.56,False,1.06,0.08,12,0.56,-0.020,aligned,0.040,wing_S1.06_h0.08_AOA12.stl,wheel_W0.56.stl,False,False,
S1.06_h0.08_AOA12_W0.63,False,1.06,0.08,12,0.63,-0.090,outboard_weak,0.040,wing_S1.06_h0.08_AOA12.stl,wheel_W0.63.stl,False,False,
S1.06_h0.08_AOA12_W0.70,False,1.06,0.08,12,0.70,-0.160,outboard_strong,0.040,wing_S1.06_h0.08_AOA12.stl,wheel_W0.70.stl,False,False,
S1.06_h0.13_AOA0_W0.56,False,1.06,0.13,0,0.56,-0.020,aligned,0.090,wing_S1.06_h0.13_AOA0.stl,wheel_W0.56.stl,False,False,
S1.06_h0.13_AOA0_W0.63,False,1.06,0.13,0,0.63,-0.090,outboard_weak,0.090,wing_S1.06_h0.13_AOA0.stl,wheel_W0.63.stl,False,False,
S1.06_h0.13_AOA0_W0.70,False,1.06,0.13,0,0.70,-0.160,outboard_strong,0.090,wing_S1.06_h0.13_AOA0.stl,wheel_W0.70.stl,False,False,
S1.06_h0.13_AOA2_W0.56,False,1.06,0.13,2,0.56,-0.020,aligned,0.090,wing_S1.06_h0.13_AOA2.stl,wheel_W0.56.stl,False,False,
S1.06_h0.13_AOA2_W0.63,False,1.06,0.13,2,0.63,-0.090,outboard_weak,0.090,wing_S1.06_h0.13_AOA2.stl,wheel_W0.63.stl,False,False,
S1.06_h0.13_AOA2_W0.70,False,1.06,0.13,2,0.70,-0.160,outboard_strong,0.090,wing_S1.06_h0.13_AOA2.stl,wheel_W0.70.stl,False,False,
S1.06_h0.13_AOA4_W0.56,False,1.06,0.13,4,0.56,-0.020,aligned,0.090,wing_S1.06_h0.13_AOA4.stl,wheel_W0.56.stl,False,False,
S1.06_h0.13_AOA4_W0.63,False,1.06,0.13,4,0.63,-0.090,outboard_weak,0.090,wing_S1.06_h0.13_AOA4.stl,wheel_W0.63.stl,False,False,
S1.06_h0.13_AOA4_W0.70,False,1.06,0.13,4,0.70,-0.160,outboard_strong,0.090,wing_S1.06_h0.13_AOA4.stl,wheel_W0.70.stl,False,False,
S1.06_h0.13_AOA6_W0.56,False,1.06,0.13,6,0.56,-0.020,aligned,0.090,wing_S1.06_h0.13_AOA6.stl,wheel_W0.56.stl,False,False,
S1.06_h0.13_AOA6_W0.63,False,1.06,0.13,6,0.63,-0.090,outboard_weak,0.090,wing_S1.06_h0.13_AOA6.stl,wheel_W0.63.stl,False,False,
S1.06_h0.13_AOA6_W0.70,False,1.06,0.13,6,0.70,-0.160,outboard_strong,0.090,wing_S1.06_h0.13_AOA6.stl,wheel_W0.70.stl,False,False,
S1.06_h0.13_AOA8_W0.56,False,1.06,0.13,8,0.56,-0.020,aligned,0.090,wing_S1.06_h0.13_AOA8.stl,wheel_W0.56.stl,False,False,
S1.06_h0.13_AOA8_W0.63,False,1.06,0.13,8,0.63,-0.090,outboard_weak,0.090,wing_S1.06_h0.13_AOA8.stl,wheel_W0.63.stl,False,False,
S1.06_h0.13_AOA8_W0.70,False,1.06,0.13,8,0.70,-0.160,outboard_strong,0.090,wing_S1.06_h0.13_AOA8.stl,wheel_W0.70.stl,False,False,
S1.06_h0.13_AOA10_W0.56,False,1.06,0.13,10,0.56,-0.020,aligned,0.090,wing_S1.06_h0.13_AOA10.stl,wheel_W0.56.stl,False,False,
S1.06_h0.13_AOA10_W0.63,False,1.06,0.13,10,0.63,-0.090,outboard_weak,0.090,wing_S1.06_h0.13_AOA10.stl,wheel_W0.63.stl,False,False,
S1.06_h0.13_AOA10_W0.70,False,1.06,0.13,10,0.70,-0.160,outboard_strong,0.090,wing_S1.06_h0.13_AOA10.stl,wheel_W0.70.stl,False,False,
S1.06_h0.13_AOA12_W0.56,False,1.06,0.13,12,0.56,-0.020,aligned,0.090,wing_S1.06_h0.13_AOA12.stl,wheel_W0.56.stl,False,False,
S1.06_h0.13_AOA12_W0.63,False,1.06,0.13,12,0.63,-0.090,outboard_weak,0.090,wing_S1.06_h0.13_AOA12.stl,wheel_W0.63.stl,False,False,
S1.06_h0.13_AOA12_W0.70,False,1.06,0.13,12,0.70,-0.160,outboard_strong,0.090,wing_S1.06_h0.13_AOA12.stl,wheel_W0.70.stl,False,False,
S1.06_h0.18_AOA0_W0.56,False,1.06,0.18,0,0.56,-0.020,aligned,0.140,wing_S1.06_h0.18_AOA0.stl,wheel_W0.56.stl,False,False,
S1.06_h0.18_AOA0_W0.63,False,1.06,0.18,0,0.63,-0.090,outboard_weak,0.140,wing_S1.06_h0.18_AOA0.stl,wheel_W0.63.stl,False,False,
S1.06_h0.18_AOA0_W0.70,False,1.06,0.18,0,0.70,-0.160,outboard_strong,0.140,wing_S1.06_h0.18_AOA0.stl,wheel_W0.70.stl,False,False,
S1.06_h0.18_AOA2_W0.56,False,1.06,0.18,2,0.56,-0.020,aligned,0.140,wing_S1.06_h0.18_AOA2.stl,wheel_W0.56.stl,False,False,
S1.06_h0.18_AOA2_W0.63,False,1.06,0.18,2,0.63,-0.090,outboard_weak,0.140,wing_S1.06_h0.18_AOA2.stl,wheel_W0.63.stl,False,False,
S1.06_h0.18_AOA2_W0.70,False,1.06,0.18,2,0.70,-0.160,outboard_strong,0.140,wing_S1.06_h0.18_AOA2.stl,wheel_W0.70.stl,False,False,
S1.06_h0.18_AOA4_W0.56,False,1.06,0.18,4,0.56,-0.020,aligned,0.140,wing_S1.06_h0.18_AOA4.stl,wheel_W0.56.stl,False,False,
S1.06_h0.18_AOA4_W0.63,False,1.06,0.18,4,0.63,-0.090,outboard_weak,0.140,wing_S1.06_h0.18_AOA4.stl,wheel_W0.63.stl,False,False,
S1.06_h0.18_AOA4_W0.70,False,1.06,0.18,4,0.70,-0.160,outboard_strong,0.140,wing_S1.06_h0.18_AOA4.stl,wheel_W0.70.stl,False,False,
S1.06_h0.18_AOA6_W0.56,False,1.06,0.18,6,0.56,-0.020,aligned,0.140,wing_S1.06_h0.18_AOA6.stl,wheel_W0.56.stl,False,False,
S1.06_h0.18_AOA6_W0.63,False,1.06,0.18,6,0.63,-0.090,outboard_weak,0.140,wing_S1.06_h0.18_AOA6.stl,wheel_W0.63.stl,False,False,
S1.06_h0.18_AOA6_W0.70,False,1.06,0.18,6,0.70,-0.160,outboard_strong,0.140,wing_S1.06_h0.18_AOA6.stl,wheel_W0.70.stl,False,False,
S1.06_h0.18_AOA8_W0.56,False,1.06,0.18,8,0.56,-0.020,aligned,0.140,wing_S1.06_h0.18_AOA8.stl,wheel_W0.56.stl,False,False,
S1.06_h0.18_AOA8_W0.63,False,1.06,0.18,8,0.63,-0.090,outboard_weak,0.140,wing_S1.06_h0.18_AOA8.stl,wheel_W0.63.stl,False,False,
S1.06_h0.18_AOA8_W0.70,False,1.06,0.18,8,0.70,-0.160,outboard_strong,0.140,wing_S1.06_h0.18_AOA8.stl,wheel_W0.70.stl,False,False,
S1.06_h0.18_AOA10_W0.56,False,1.06,0.18,10,0.56,-0.020,aligned,0.140,wing_S1.06_h0.18_AOA10.stl,wheel_W0.56.stl,False,False,
S1.06_h0.18_AOA10_W0.63,False,1.06,0.18,10,0.63,-0.090,outboard_weak,0.140,wing_S1.06_h0.18_AOA10.stl,wheel_W0.63.stl,False,False,
S1.06_h0.18_AOA10_W0.70,False,1.06,0.18,10,0.70,-0.160,outboard_strong,0.140,wing_S1.06_h0.18_AOA10.stl,wheel_W0.70.stl,False,False,
S1.06_h0.18_AOA12_W0.56,False,1.06,0.18,12,0.56,-0.020,aligned,0.140,wing_S1.06_h0.18_AOA12.stl,wheel_W0.56.stl,False,False,
S1.06_h0.18_AOA12_W0.63,False,1.06,0.18,12,0.63,-0.090,outboard_weak,0.140,wing_S1.06_h0.18_AOA12.stl,wheel_W0.63.stl,False,False,
S1.06_h0.18_AOA12_W0.70,False,1.06,0.18,12,0.70,-0.160,outboard_strong,0.140,wing_S1.06_h0.18_AOA12.stl,wheel_W0.70.stl,False,False,
S1.06_h0.28_AOA0_W0.56,False,1.06,0.28,0,0.56,-0.020,aligned,0.240,wing_S1.06_h0.28_AOA0.stl,wheel_W0.56.stl,False,False,
S1.06_h0.28_AOA0_W0.63,False,1.06,0.28,0,0.63,-0.090,outboard_weak,0.240,wing_S1.06_h0.28_AOA0.stl,wheel_W0.63.stl,False,False,
S1.06_h0.28_AOA0_W0.70,False,1.06,0.28,0,0.70,-0.160,outboard_strong,0.240,wing_S1.06_h0.28_AOA0.stl,wheel_W0.70.stl,False,False,
S1.06_h0.28_AOA2_W0.56,False,1.06,0.28,2,0.56,-0.020,aligned,0.240,wing_S1.06_h0.28_AOA2.stl,wheel_W0.56.stl,False,False,
S1.06_h0.28_AOA2_W0.63,False,1.06,0.28,2,0.63,-0.090,outboard_weak,0.240,wing_S1.06_h0.28_AOA2.stl,wheel_W0.63.stl,False,False,
S1.06_h0.28_AOA2_W0.70,False,1.06,0.28,2,0.70,-0.160,outboard_strong,0.240,wing_S1.06_h0.28_AOA2.stl,wheel_W0.70.stl,False,False,
S1.06_h0.28_AOA4_W0.56,False,1.06,0.28,4,0.56,-0.020,aligned,0.240,wing_S1.06_h0.28_AOA4.stl,wheel_W0.56.stl,False,False,
S1.06_h0.28_AOA4_W0.63,False,1.06,0.28,4,0.63,-0.090,outboard_weak,0.240,wing_S1.06_h0.28_AOA4.stl,wheel_W0.63.stl,False,False,
S1.06_h0.28_AOA4_W0.70,False,1.06,0.28,4,0.70,-0.160,outboard_strong,0.240,wing_S1.06_h0.28_AOA4.stl,wheel_W0.70.stl,False,False,
S1.06_h0.28_AOA6_W0.56,False,1.06,0.28,6,0.56,-0.020,aligned,0.240,wing_S1.06_h0.28_AOA6.stl,wheel_W0.56.stl,False,False,
S1.06_h0.28_AOA6_W0.63,False,1.06,0.28,6,0.63,-0.090,outboard_weak,0.240,wing_S1.06_h0.28_AOA6.stl,wheel_W0.63.stl,False,False,
S1.06_h0.28_AOA6_W0.70,False,1.06,0.28,6,0.70,-0.160,outboard_strong,0.240,wing_S1.06_h0.28_AOA6.stl,wheel_W0.70.stl,False,False,
S1.06_h0.28_AOA8_W0.56,False,1.06,0.28,8,0.56,-0.020,aligned,0.240,wing_S1.06_h0.28_AOA8.stl,wheel_W0.56.stl,False,False,
S1.06_h0.28_AOA8_W0.63,False,1.06,0.28,8,0.63,-0.090,outboard_weak,0.240,wing_S1.06_h0.28_AOA8.stl,wheel_W0.63.stl,False,False,
S1.06_h0.28_AOA8_W0.70,False,1.06,0.28,8,0.70,-0.160,outboard_strong,0.240,wing_S1.06_h0.28_AOA8.stl,wheel_W0.70.stl,False,False,
S1.06_h0.28_AOA10_W0.56,False,1.06,0.28,10,0.56,-0.020,aligned,0.240,wing_S1.06_h0.28_AOA10.stl,wheel_W0.56.stl,False,False,
S1.06_h0.28_AOA10_W0.63,False,1.06,0.28,10,0.63,-0.090,outboard_weak,0.240,wing_S1.06_h0.28_AOA10.stl,wheel_W0.63.stl,False,False,
S1.06_h0.28_AOA10_W0.70,False,1.06,0.28,10,0.70,-0.160,outboard_strong,0.240,wing_S1.06_h0.28_AOA10.stl,wheel_W0.70.stl,False,False,
S1.06_h0.28_AOA12_W0.56,False,1.06,0.28,12,0.56,-0.020,aligned,0.240,wing_S1.06_h0.28_AOA12.stl,wheel_W0.56.stl,False,False,
S1.06_h0.28_AOA12_W0.63,False,1.06,0.28,12,0.63,-0.090,outboard_weak,0.240,wing_S1.06_h0.28_AOA12.stl,wheel_W0.63.stl,False,False,
S1.06_h0.28_AOA12_W0.70,False,1.06,0.28,12,0.70,-0.160,outboard_strong,0.240,wing_S1.06_h0.28_AOA12.stl,wheel_W0.70.stl,False,False,
S1.24_h0.08_AOA0_W0.56,False,1.24,0.08,0,0.56,-0.200,outboard_strong,0.040,wing_S1.24_h0.08_AOA0.stl,wheel_W0.56.stl,False,False,
S1.24_h0.08_AOA0_W0.63,False,1.24,0.08,0,0.63,-0.270,outboard_strong,0.040,wing_S1.24_h0.08_AOA0.stl,wheel_W0.63.stl,False,False,
S1.24_h0.08_AOA0_W0.70,False,1.24,0.08,0,0.70,-0.340,outboard_strong,0.040,wing_S1.24_h0.08_AOA0.stl,wheel_W0.70.stl,False,False,
S1.24_h0.08_AOA2_W0.56,False,1.24,0.08,2,0.56,-0.200,outboard_strong,0.040,wing_S1.24_h0.08_AOA2.stl,wheel_W0.56.stl,False,False,
S1.24_h0.08_AOA2_W0.63,False,1.24,0.08,2,0.63,-0.270,outboard_strong,0.040,wing_S1.24_h0.08_AOA2.stl,wheel_W0.63.stl,False,False,
S1.24_h0.08_AOA2_W0.70,False,1.24,0.08,2,0.70,-0.340,outboard_strong,0.040,wing_S1.24_h0.08_AOA2.stl,wheel_W0.70.stl,False,False,
S1.24_h0.08_AOA4_W0.56,False,1.24,0.08,4,0.56,-0.200,outboard_strong,0.040,wing_S1.24_h0.08_AOA4.stl,wheel_W0.56.stl,False,False,
S1.24_h0.08_AOA4_W0.63,False,1.24,0.08,4,0.63,-0.270,outboard_strong,0.040,wing_S1.24_h0.08_AOA4.stl,wheel_W0.63.stl,False,False,
S1.24_h0.08_AOA4_W0.70,False,1.24,0.08,4,0.70,-0.340,outboard_strong,0.040,wing_S1.24_h0.08_AOA4.stl,wheel_W0.70.stl,False,False,
S1.24_h0.08_AOA6_W0.56,False,1.24,0.08,6,0.56,-0.200,outboard_strong,0.040,wing_S1.24_h0.08_AOA6.stl,wheel_W0.56.stl,False,False,
S1.24_h0.08_AOA6_W0.63,False,1.24,0.08,6,0.63,-0.270,outboard_strong,0.040,wing_S1.24_h0.08_AOA6.stl,wheel_W0.63.stl,False,False,
S1.24_h0.08_AOA6_W0.70,False,1.24,0.08,6,0.70,-0.340,outboard_strong,0.040,wing_S1.24_h0.08_AOA6.stl,wheel_W0.70.stl,False,False,
S1.24_h0.08_AOA8_W0.56,False,1.24,0.08,8,0.56,-0.200,outboard_strong,0.040,wing_S1.24_h0.08_AOA8.stl,wheel_W0.56.stl,False,False,
S1.24_h0.08_AOA8_W0.63,False,1.24,0.08,8,0.63,-0.270,outboard_strong,0.040,wing_S1.24_h0.08_AOA8.stl,wheel_W0.63.stl,False,False,
S1.24_h0.08_AOA8_W0.70,False,1.24,0.08,8,0.70,-0.340,outboard_strong,0.040,wing_S1.24_h0.08_AOA8.stl,wheel_W0.70.stl,False,False,
S1.24_h0.08_AOA10_W0.56,False,1.24,0.08,10,0.56,-0.200,outboard_strong,0.040,wing_S1.24_h0.08_AOA10.stl,wheel_W0.56.stl,False,False,
S1.24_h0.08_AOA10_W0.63,False,1.24,0.08,10,0.63,-0.270,outboard_strong,0.040,wing_S1.24_h0.08_AOA10.stl,wheel_W0.63.stl,False,False,
S1.24_h0.08_AOA10_W0.70,False,1.24,0.08,10,0.70,-0.340,outboard_strong,0.040,wing_S1.24_h0.08_AOA10.stl,wheel_W0.70.stl,False,False,
S1.24_h0.08_AOA12_W0.56,False,1.24,0.08,12,0.56,-0.200,outboard_strong,0.040,wing_S1.24_h0.08_AOA12.stl,wheel_W0.56.stl,False,False,
S1.24_h0.08_AOA12_W0.63,False,1.24,0.08,12,0.63,-0.270,outboard_strong,0.040,wing_S1.24_h0.08_AOA12.stl,wheel_W0.63.stl,False,False,
S1.24_h0.08_AOA12_W0.70,False,1.24,0.08,12,0.70,-0.340,outboard_strong,0.040,wing_S1.24_h0.08_AOA12.stl,wheel_W0.70.stl,False,False,
S1.24_h0.13_AOA0_W0.56,False,1.24,0.13,0,0.56,-0.200,outboard_strong,0.090,wing_S1.24_h0.13_AOA0.stl,wheel_W0.56.stl,False,False,
S1.24_h0.13_AOA0_W0.63,False,1.24,0.13,0,0.63,-0.270,outboard_strong,0.090,wing_S1.24_h0.13_AOA0.stl,wheel_W0.63.stl,False,False,
S1.24_h0.13_AOA0_W0.70,False,1.24,0.13,0,0.70,-0.340,outboard_strong,0.090,wing_S1.24_h0.13_AOA0.stl,wheel_W0.70.stl,False,False,
S1.24_h0.13_AOA2_W0.56,False,1.24,0.13,2,0.56,-0.200,outboard_strong,0.090,wing_S1.24_h0.13_AOA2.stl,wheel_W0.56.stl,False,False,
S1.24_h0.13_AOA2_W0.63,False,1.24,0.13,2,0.63,-0.270,outboard_strong,0.090,wing_S1.24_h0.13_AOA2.stl,wheel_W0.63.stl,False,False,
S1.24_h0.13_AOA2_W0.70,False,1.24,0.13,2,0.70,-0.340,outboard_strong,0.090,wing_S1.24_h0.13_AOA2.stl,wheel_W0.70.stl,False,False,
S1.24_h0.13_AOA4_W0.56,False,1.24,0.13,4,0.56,-0.200,outboard_strong,0.090,wing_S1.24_h0.13_AOA4.stl,wheel_W0.56.stl,False,False,
S1.24_h0.13_AOA4_W0.63,False,1.24,0.13,4,0.63,-0.270,outboard_strong,0.090,wing_S1.24_h0.13_AOA4.stl,wheel_W0.63.stl,False,False,
S1.24_h0.13_AOA4_W0.70,False,1.24,0.13,4,0.70,-0.340,outboard_strong,0.090,wing_S1.24_h0.13_AOA4.stl,wheel_W0.70.stl,False,False,
S1.24_h0.13_AOA6_W0.56,False,1.24,0.13,6,0.56,-0.200,outboard_strong,0.090,wing_S1.24_h0.13_AOA6.stl,wheel_W0.56.stl,False,False,
S1.24_h0.13_AOA6_W0.63,False,1.24,0.13,6,0.63,-0.270,outboard_strong,0.090,wing_S1.24_h0.13_AOA6.stl,wheel_W0.63.stl,False,False,
S1.24_h0.13_AOA6_W0.70,False,1.24,0.13,6,0.70,-0.340,outboard_strong,0.090,wing_S1.24_h0.13_AOA6.stl,wheel_W0.70.stl,False,False,
S1.24_h0.13_AOA8_W0.56,False,1.24,0.13,8,0.56,-0.200,outboard_strong,0.090,wing_S1.24_h0.13_AOA8.stl,wheel_W0.56.stl,False,False,
S1.24_h0.13_AOA8_W0.63,False,1.24,0.13,8,0.63,-0.270,outboard_strong,0.090,wing_S1.24_h0.13_AOA8.stl,wheel_W0.63.stl,False,False,
S1.24_h0.13_AOA8_W0.70,False,1.24,0.13,8,0.70,-0.340,outboard_strong,0.090,wing_S1.24_h0.13_AOA8.stl,wheel_W0.70.stl,False,False,
S1.24_h0.13_AOA10_W0.56,False,1.24,0.13,10,0.56,-0.200,outboard_strong,0.090,wing_S1.24_h0.13_AOA10.stl,wheel_W0.56.stl,False,False,
S1.24_h0.13_AOA10_W0.63,False,1.24,0.13,10,0.63,-0.270,outboard_strong,0.090,wing_S1.24_h0.13_AOA10.stl,wheel_W0.63.stl,False,False,
S1.24_h0.13_AOA10_W0.70,False,1.24,0.13,10,0.70,-0.340,outboard_strong,0.090,wing_S1.24_h0.13_AOA10.stl,wheel_W0.70.stl,False,False,
S1.24_h0.13_AOA12_W0.56,False,1.24,0.13,12,0.56,-0.200,outboard_strong,0.090,wing_S1.24_h0.13_AOA12.stl,wheel_W0.56.stl,False,False,
S1.24_h0.13_AOA12_W0.63,False,1.24,0.13,12,0.63,-0.270,outboard_strong,0.090,wing_S1.24_h0.13_AOA12.stl,wheel_W0.63.stl,False,False,
S1.24_h0.13_AOA12_W0.70,False,1.24,0.13,12,0.70,-0.340,outboard_strong,0.090,wing_S1.24_h0.13_AOA12.stl,wheel_W0.70.stl,False,False,
S1.24_h0.18_AOA0_W0.56,False,1.24,0.18,0,0.56,-0.200,outboard_strong,0.140,wing_S1.24_h0.18_AOA0.stl,wheel_W0.56.stl,False,False,
S1.24_h0.18_AOA0_W0.63,False,1.24,0.18,0,0.63,-0.270,outboard_strong,0.140,wing_S1.24_h0.18_AOA0.stl,wheel_W0.63.stl,False,False,
S1.24_h0.18_AOA0_W0.70,False,1.24,0.18,0,0.70,-0.340,outboard_strong,0.140,wing_S1.24_h0.18_AOA0.stl,wheel_W0.70.stl,False,False,
S1.24_h0.18_AOA2_W0.56,False,1.24,0.18,2,0.56,-0.200,outboard_strong,0.140,wing_S1.24_h0.18_AOA2.stl,wheel_W0.56.stl,False,False,
S1.24_h0.18_AOA2_W0.63,False,1.24,0.18,2,0.63,-0.270,outboard_strong,0.140,wing_S1.24_h0.18_AOA2.stl,wheel_W0.63.stl,False,False,
S1.24_h0.18_AOA2_W0.70,False,1.24,0.18,2,0.70,-0.340,outboard_strong,0.140,wing_S1.24_h0.18_AOA2.stl,wheel_W0.70.stl,False,False,
S1.24_h0.18_AOA4_W0.56,False,1.24,0.18,4,0.56,-0.200,outboard_strong,0.140,wing_S1.24_h0.18_AOA4.stl,wheel_W0.56.stl,False,False,
S1.24_h0.18_AOA4_W0.63,False,1.24,0.18,4,0.63,-0.270,outboard_strong,0.140,wing_S1.24_h0.18_AOA4.stl,wheel_W0.63.stl,False,False,
S1.24_h0.18_AOA4_W0.70,False,1.24,0.18,4,0.70,-0.340,outboard_strong,0.140,wing_S1.24_h0.18_AOA4.stl,wheel_W0.70.stl,False,False,
S1.24_h0.18_AOA6_W0.56,False,1.24,0.18,6,0.56,-0.200,outboard_strong,0.140,wing_S1.24_h0.18_AOA6.stl,wheel_W0.56.stl,False,False,
S1.24_h0.18_AOA6_W0.63,False,1.24,0.18,6,0.63,-0.270,outboard_strong,0.140,wing_S1.24_h0.18_AOA6.stl,wheel_W0.63.stl,False,False,
S1.24_h0.18_AOA6_W0.70,False,1.24,0.18,6,0.70,-0.340,outboard_strong,0.140,wing_S1.24_h0.18_AOA6.stl,wheel_W0.70.stl,False,False,
S1.24_h0.18_AOA8_W0.56,False,1.24,0.18,8,0.56,-0.200,outboard_strong,0.140,wing_S1.24_h0.18_AOA8.stl,wheel_W0.56.stl,False,False,
S1.24_h0.18_AOA8_W0.63,False,1.24,0.18,8,0.63,-0.270,outboard_strong,0.140,wing_S1.24_h0.18_AOA8.stl,wheel_W0.63.stl,False,False,
S1.24_h0.18_AOA8_W0.70,False,1.24,0.18,8,0.70,-0.340,outboard_strong,0.140,wing_S1.24_h0.18_AOA8.stl,wheel_W0.70.stl,False,False,
S1.24_h0.18_AOA10_W0.56,False,1.24,0.18,10,0.56,-0.200,outboard_strong,0.140,wing_S1.24_h0.18_AOA10.stl,wheel_W0.56.stl,False,False,
S1.24_h0.18_AOA10_W0.63,False,1.24,0.18,10,0.63,-0.270,outboard_strong,0.140,wing_S1.24_h0.18_AOA10.stl,wheel_W0.63.stl,False,False,
S1.24_h0.18_AOA10_W0.70,False,1.24,0.18,10,0.70,-0.340,outboard_strong,0.140,wing_S1.24_h0.18_AOA10.stl,wheel_W0.70.stl,False,False,
S1.24_h0.18_AOA12_W0.56,False,1.24,0.18,12,0.56,-0.200,outboard_strong,0.140,wing_S1.24_h0.18_AOA12.stl,wheel_W0.56.stl,False,False,
S1.24_h0.18_AOA12_W0.63,False,1.24,0.18,12,0.63,-0.270,outboard_strong,0.140,wing_S1.24_h0.18_AOA12.stl,wheel_W0.63.stl,False,False,
S1.24_h0.18_AOA12_W0.70,False,1.24,0.18,12,0.70,-0.340,outboard_strong,0.140,wing_S1.24_h0.18_AOA12.stl,wheel_W0.70.stl,False,False,
S1.24_h0.28_AOA0_W0.56,False,1.24,0.28,0,0.56,-0.200,outboard_strong,0.240,wing_S1.24_h0.28_AOA0.stl,wheel_W0.56.stl,False,False,
S1.24_h0.28_AOA0_W0.63,False,1.24,0.28,0,0.63,-0.270,outboard_strong,0.240,wing_S1.24_h0.28_AOA0.stl,wheel_W0.63.stl,False,False,
S1.24_h0.28_AOA0_W0.70,False,1.24,0.28,0,0.70,-0.340,outboard_strong,0.240,wing_S1.24_h0.28_AOA0.stl,wheel_W0.70.stl,False,False,
S1.24_h0.28_AOA2_W0.56,False,1.24,0.28,2,0.56,-0.200,outboard_strong,0.240,wing_S1.24_h0.28_AOA2.stl,wheel_W0.56.stl,False,False,
S1.24_h0.28_AOA2_W0.63,False,1.24,0.28,2,0.63,-0.270,outboard_strong,0.240,wing_S1.24_h0.28_AOA2.stl,wheel_W0.63.stl,False,False,
S1.24_h0.28_AOA2_W0.70,False,1.24,0.28,2,0.70,-0.340,outboard_strong,0.240,wing_S1.24_h0.28_AOA2.stl,wheel_W0.70.stl,False,False,
S1.24_h0.28_AOA4_W0.56,False,1.24,0.28,4,0.56,-0.200,outboard_strong,0.240,wing_S1.24_h0.28_AOA4.stl,wheel_W0.56.stl,False,False,
S1.24_h0.28_AOA4_W0.63,False,1.24,0.28,4,0.63,-0.270,outboard_strong,0.240,wing_S1.24_h0.28_AOA4.stl,wheel_W0.63.stl,False,False,
S1.24_h0.28_AOA4_W0.70,False,1.24,0.28,4,0.70,-0.340,outboard_strong,0.240,wing_S1.24_h0.28_AOA4.stl,wheel_W0.70.stl,False,False,
S1.24_h0.28_AOA6_W0.56,False,1.24,0.28,6,0.56,-0.200,outboard_strong,0.240,wing_S1.24_h0.28_AOA6.stl,wheel_W0.56.stl,False,False,
S1.24_h0.28_AOA6_W0.63,False,1.24,0.28,6,0.63,-0.270,outboard_strong,0.240,wing_S1.24_h0.28_AOA6.stl,wheel_W0.63.stl,False,False,
S1.24_h0.28_AOA6_W0.70,False,1.24,0.28,6,0.70,-0.340,outboard_strong,0.240,wing_S1.24_h0.28_AOA6.stl,wheel_W0.70.stl,False,False,
S1.24_h0.28_AOA8_W0.56,False,1.24,0.28,8,0.56,-0.200,outboard_strong,0.240,wing_S1.24_h0.28_AOA8.stl,wheel_W0.56.stl,False,False,
S1.24_h0.28_AOA8_W0.63,False,1.24,0.28,8,0.63,-0.270,outboard_strong,0.240,wing_S1.24_h0.28_AOA8.stl,wheel_W0.63.stl,False,False,
S1.24_h0.28_AOA8_W0.70,False,1.24,0.28,8,0.70,-0.340,outboard_strong,0.240,wing_S1.24_h0.28_AOA8.stl,wheel_W0.70.stl,False,False,
S1.24_h0.28_AOA10_W0.56,False,1.24,0.28,10,0.56,-0.200,outboard_strong,0.240,wing_S1.24_h0.28_AOA10.stl,wheel_W0.56.stl,False,False,
S1.24_h0.28_AOA10_W0.63,False,1.24,0.28,10,0.63,-0.270,outboard_strong,0.240,wing_S1.24_h0.28_AOA10.stl,wheel_W0.63.stl,False,False,
S1.24_h0.28_AOA10_W0.70,False,1.24,0.28,10,0.70,-0.340,outboard_strong,0.240,wing_S1.24_h0.28_AOA10.stl,wheel_W0.70.stl,False,False,
S1.24_h0.28_AOA12_W0.56,False,1.24,0.28,12,0.56,-0.200,outboard_strong,0.240,wing_S1.24_h0.28_AOA12.stl,wheel_W0.56.stl,False,False,
S1.24_h0.28_AOA12_W0.63,False,1.24,0.28,12,0.63,-0.270,outboard_strong,0.240,wing_S1.24_h0.28_AOA12.stl,wheel_W0.63.stl,False,False,
S1.24_h0.28_AOA12_W0.70,False,1.24,0.28,12,0.70,-0.340,outboard_strong,0.240,wing_S1.24_h0.28_AOA12.stl,wheel_W0.70.stl,False,False,
S1.42_h0.08_AOA0_W0.56,False,1.42,0.08,0,0.56,-0.380,outboard_strong,0.040,wing_S1.42_h0.08_AOA0.stl,wheel_W0.56.stl,False,False,
S1.42_h0.08_AOA0_W0.63,False,1.42,0.08,0,0.63,-0.450,outboard_strong,0.040,wing_S1.42_h0.08_AOA0.stl,wheel_W0.63.stl,False,False,
S1.42_h0.08_AOA0_W0.70,False,1.42,0.08,0,0.70,-0.520,outboard_strong,0.040,wing_S1.42_h0.08_AOA0.stl,wheel_W0.70.stl,False,False,
S1.42_h0.08_AOA2_W0.56,False,1.42,0.08,2,0.56,-0.380,outboard_strong,0.040,wing_S1.42_h0.08_AOA2.stl,wheel_W0.56.stl,False,False,
S1.42_h0.08_AOA2_W0.63,False,1.42,0.08,2,0.63,-0.450,outboard_strong,0.040,wing_S1.42_h0.08_AOA2.stl,wheel_W0.63.stl,False,False,
S1.42_h0.08_AOA2_W0.70,False,1.42,0.08,2,0.70,-0.520,outboard_strong,0.040,wing_S1.42_h0.08_AOA2.stl,wheel_W0.70.stl,False,False,
S1.42_h0.08_AOA4_W0.56,False,1.42,0.08,4,0.56,-0.380,outboard_strong,0.040,wing_S1.42_h0.08_AOA4.stl,wheel_W0.56.stl,False,False,
S1.42_h0.08_AOA4_W0.63,False,1.42,0.08,4,0.63,-0.450,outboard_strong,0.040,wing_S1.42_h0.08_AOA4.stl,wheel_W0.63.stl,False,False,
S1.42_h0.08_AOA4_W0.70,False,1.42,0.08,4,0.70,-0.520,outboard_strong,0.040,wing_S1.42_h0.08_AOA4.stl,wheel_W0.70.stl,False,False,
S1.42_h0.08_AOA6_W0.56,False,1.42,0.08,6,0.56,-0.380,outboard_strong,0.040,wing_S1.42_h0.08_AOA6.stl,wheel_W0.56.stl,False,False,
S1.42_h0.08_AOA6_W0.63,False,1.42,0.08,6,0.63,-0.450,outboard_strong,0.040,wing_S1.42_h0.08_AOA6.stl,wheel_W0.63.stl,False,False,
S1.42_h0.08_AOA6_W0.70,False,1.42,0.08,6,0.70,-0.520,outboard_strong,0.040,wing_S1.42_h0.08_AOA6.stl,wheel_W0.70.stl,False,False,
S1.42_h0.08_AOA8_W0.56,False,1.42,0.08,8,0.56,-0.380,outboard_strong,0.040,wing_S1.42_h0.08_AOA8.stl,wheel_W0.56.stl,False,False,
S1.42_h0.08_AOA8_W0.63,False,1.42,0.08,8,0.63,-0.450,outboard_strong,0.040,wing_S1.42_h0.08_AOA8.stl,wheel_W0.63.stl,False,False,
S1.42_h0.08_AOA8_W0.70,False,1.42,0.08,8,0.70,-0.520,outboard_strong,0.040,wing_S1.42_h0.08_AOA8.stl,wheel_W0.70.stl,False,False,
S1.42_h0.08_AOA10_W0.56,False,1.42,0.08,10,0.56,-0.380,outboard_strong,0.040,wing_S1.42_h0.08_AOA10.stl,wheel_W0.56.stl,False,False,
S1.42_h0.08_AOA10_W0.63,False,1.42,0.08,10,0.63,-0.450,outboard_strong,0.040,wing_S1.42_h0.08_AOA10.stl,wheel_W0.63.stl,False,False,
S1.42_h0.08_AOA10_W0.70,False,1.42,0.08,10,0.70,-0.520,outboard_strong,0.040,wing_S1.42_h0.08_AOA10.stl,wheel_W0.70.stl,False,False,
S1.42_h0.08_AOA12_W0.56,False,1.42,0.08,12,0.56,-0.380,outboard_strong,0.040,wing_S1.42_h0.08_AOA12.stl,wheel_W0.56.stl,False,False,
S1.42_h0.08_AOA12_W0.63,False,1.42,0.08,12,0.63,-0.450,outboard_strong,0.040,wing_S1.42_h0.08_AOA12.stl,wheel_W0.63.stl,False,False,
S1.42_h0.08_AOA12_W0.70,False,1.42,0.08,12,0.70,-0.520,outboard_strong,0.040,wing_S1.42_h0.08_AOA12.stl,wheel_W0.70.stl,False,False,
S1.42_h0.13_AOA0_W0.56,False,1.42,0.13,0,0.56,-0.380,outboard_strong,0.090,wing_S1.42_h0.13_AOA0.stl,wheel_W0.56.stl,False,False,
S1.42_h0.13_AOA0_W0.63,False,1.42,0.13,0,0.63,-0.450,outboard_strong,0.090,wing_S1.42_h0.13_AOA0.stl,wheel_W0.63.stl,False,False,
S1.42_h0.13_AOA0_W0.70,False,1.42,0.13,0,0.70,-0.520,outboard_strong,0.090,wing_S1.42_h0.13_AOA0.stl,wheel_W0.70.stl,False,False,
S1.42_h0.13_AOA2_W0.56,False,1.42,0.13,2,0.56,-0.380,outboard_strong,0.090,wing_S1.42_h0.13_AOA2.stl,wheel_W0.56.stl,False,False,
S1.42_h0.13_AOA2_W0.63,False,1.42,0.13,2,0.63,-0.450,outboard_strong,0.090,wing_S1.42_h0.13_AOA2.stl,wheel_W0.63.stl,False,False,
S1.42_h0.13_AOA2_W0.70,False,1.42,0.13,2,0.70,-0.520,outboard_strong,0.090,wing_S1.42_h0.13_AOA2.stl,wheel_W0.70.stl,False,False,
S1.42_h0.13_AOA4_W0.56,False,1.42,0.13,4,0.56,-0.380,outboard_strong,0.090,wing_S1.42_h0.13_AOA4.stl,wheel_W0.56.stl,False,False,
S1.42_h0.13_AOA4_W0.63,False,1.42,0.13,4,0.63,-0.450,outboard_strong,0.090,wing_S1.42_h0.13_AOA4.stl,wheel_W0.63.stl,False,False,
S1.42_h0.13_AOA4_W0.70,False,1.42,0.13,4,0.70,-0.520,outboard_strong,0.090,wing_S1.42_h0.13_AOA4.stl,wheel_W0.70.stl,False,False,
S1.42_h0.13_AOA6_W0.56,False,1.42,0.13,6,0.56,-0.380,outboard_strong,0.090,wing_S1.42_h0.13_AOA6.stl,wheel_W0.56.stl,False,False,
S1.42_h0.13_AOA6_W0.63,False,1.42,0.13,6,0.63,-0.450,outboard_strong,0.090,wing_S1.42_h0.13_AOA6.stl,wheel_W0.63.stl,False,False,
S1.42_h0.13_AOA6_W0.70,False,1.42,0.13,6,0.70,-0.520,outboard_strong,0.090,wing_S1.42_h0.13_AOA6.stl,wheel_W0.70.stl,False,False,
S1.42_h0.13_AOA8_W0.56,False,1.42,0.13,8,0.56,-0.380,outboard_strong,0.090,wing_S1.42_h0.13_AOA8.stl,wheel_W0.56.stl,False,False,
S1.42_h0.13_AOA8_W0.63,True,1.42,0.13,8,0.63,-0.450,outboard_strong,0.090,wing_S1.42_h0.13_AOA8.stl,wheel_W0.63.stl,True,False,Reference configuration
S1.42_h0.13_AOA8_W0.70,False,1.42,0.13,8,0.70,-0.520,outboard_strong,0.090,wing_S1.42_h0.13_AOA8.stl,wheel_W0.70.stl,False,False,
S1.42_h0.13_AOA10_W0.56,False,1.42,0.13,10,0.56,-0.380,outboard_strong,0.090,wing_S1.42_h0.13_AOA10.stl,wheel_W0.56.stl,False,False,
S1.42_h0.13_AOA10_W0.63,False,1.42,0.13,10,0.63,-0.450,outboard_strong,0.090,wing_S1.42_h0.13_AOA10.stl,wheel_W0.63.stl,False,False,
S1.42_h0.13_AOA10_W0.70,False,1.42,0.13,10,0.70,-0.520,outboard_strong,0.090,wing_S1.42_h0.13_AOA10.stl,wheel_W0.70.stl,False,False,
S1.42_h0.13_AOA12_W0.56,False,1.42,0.13,12,0.56,-0.380,outboard_strong,0.090,wing_S1.42_h0.13_AOA12.stl,wheel_W0.56.stl,False,False,
S1.42_h0.13_AOA12_W0.63,False,1.42,0.13,12,0.63,-0.450,outboard_strong,0.090,wing_S1.42_h0.13_AOA12.stl,wheel_W0.63.stl,False,False,
S1.42_h0.13_AOA12_W0.70,False,1.42,0.13,12,0.70,-0.520,outboard_strong,0.090,wing_S1.42_h0.13_AOA12.stl,wheel_W0.70.stl,False,False,
S1.42_h0.18_AOA0_W0.56,False,1.42,0.18,0,0.56,-0.380,outboard_strong,0.140,wing_S1.42_h0.18_AOA0.stl,wheel_W0.56.stl,False,False,
S1.42_h0.18_AOA0_W0.63,False,1.42,0.18,0,0.63,-0.450,outboard_strong,0.140,wing_S1.42_h0.18_AOA0.stl,wheel_W0.63.stl,False,False,
S1.42_h0.18_AOA0_W0.70,False,1.42,0.18,0,0.70,-0.520,outboard_strong,0.140,wing_S1.42_h0.18_AOA0.stl,wheel_W0.70.stl,False,False,
S1.42_h0.18_AOA2_W0.56,False,1.42,0.18,2,0.56,-0.380,outboard_strong,0.140,wing_S1.42_h0.18_AOA2.stl,wheel_W0.56.stl,False,False,
S1.42_h0.18_AOA2_W0.63,False,1.42,0.18,2,0.63,-0.450,outboard_strong,0.140,wing_S1.42_h0.18_AOA2.stl,wheel_W0.63.stl,False,False,
S1.42_h0.18_AOA2_W0.70,False,1.42,0.18,2,0.70,-0.520,outboard_strong,0.140,wing_S1.42_h0.18_AOA2.stl,wheel_W0.70.stl,False,False,
S1.42_h0.18_AOA4_W0.56,False,1.42,0.18,4,0.56,-0.380,outboard_strong,0.140,wing_S1.42_h0.18_AOA4.stl,wheel_W0.56.stl,False,False,
S1.42_h0.18_AOA4_W0.63,False,1.42,0.18,4,0.63,-0.450,outboard_strong,0.140,wing_S1.42_h0.18_AOA4.stl,wheel_W0.63.stl,False,False,
S1.42_h0.18_AOA4_W0.70,False,1.42,0.18,4,0.70,-0.520,outboard_strong,0.140,wing_S1.42_h0.18_AOA4.stl,wheel_W0.70.stl,False,False,
S1.42_h0.18_AOA6_W0.56,False,1.42,0.18,6,0.56,-0.380,outboard_strong,0.140,wing_S1.42_h0.18_AOA6.stl,wheel_W0.56.stl,False,False,
S1.42_h0.18_AOA6_W0.63,False,1.42,0.18,6,0.63,-0.450,outboard_strong,0.140,wing_S1.42_h0.18_AOA6.stl,wheel_W0.63.stl,False,False,
S1.42_h0.18_AOA6_W0.70,False,1.42,0.18,6,0.70,-0.520,outboard_strong,0.140,wing_S1.42_h0.18_AOA6.stl,wheel_W0.70.stl,False,False,
S1.42_h0.18_AOA8_W0.56,False,1.42,0.18,8,0.56,-0.380,outboard_strong,0.140,wing_S1.42_h0.18_AOA8.stl,wheel_W0.56.stl,False,False,
S1.42_h0.18_AOA8_W0.63,False,1.42,0.18,8,0.63,-0.450,outboard_strong,0.140,wing_S1.42_h0.18_AOA8.stl,wheel_W0.63.stl,False,False,
S1.42_h0.18_AOA8_W0.70,False,1.42,0.18,8,0.70,-0.520,outboard_strong,0.140,wing_S1.42_h0.18_AOA8.stl,wheel_W0.70.stl,False,False,
S1.42_h0.18_AOA10_W0.56,False,1.42,0.18,10,0.56,-0.380,outboard_strong,0.140,wing_S1.42_h0.18_AOA10.stl,wheel_W0.56.stl,False,False,
S1.42_h0.18_AOA10_W0.63,False,1.42,0.18,10,0.63,-0.450,outboard_strong,0.140,wing_S1.42_h0.18_AOA10.stl,wheel_W0.63.stl,False,False,
S1.42_h0.18_AOA10_W0.70,False,1.42,0.18,10,0.70,-0.520,outboard_strong,0.140,wing_S1.42_h0.18_AOA10.stl,wheel_W0.70.stl,False,False,
S1.42_h0.18_AOA12_W0.56,False,1.42,0.18,12,0.56,-0.380,outboard_strong,0.140,wing_S1.42_h0.18_AOA12.stl,wheel_W0.56.stl,False,False,
S1.42_h0.18_AOA12_W0.63,False,1.42,0.18,12,0.63,-0.450,outboard_strong,0.140,wing_S1.42_h0.18_AOA12.stl,wheel_W0.63.stl,False,False,
S1.42_h0.18_AOA12_W0.70,False,1.42,0.18,12,0.70,-0.520,outboard_strong,0.140,wing_S1.42_h0.18_AOA12.stl,wheel_W0.70.stl,False,False,
S1.42_h0.28_AOA0_W0.56,False,1.42,0.28,0,0.56,-0.380,outboard_strong,0.240,wing_S1.42_h0.28_AOA0.stl,wheel_W0.56.stl,False,False,
S1.42_h0.28_AOA0_W0.63,False,1.42,0.28,0,0.63,-0.450,outboard_strong,0.240,wing_S1.42_h0.28_AOA0.stl,wheel_W0.63.stl,False,False,
S1.42_h0.28_AOA0_W0.70,False,1.42,0.28,0,0.70,-0.520,outboard_strong,0.240,wing_S1.42_h0.28_AOA0.stl,wheel_W0.70.stl,False,False,
S1.42_h0.28_AOA2_W0.56,False,1.42,0.28,2,0.56,-0.380,outboard_strong,0.240,wing_S1.42_h0.28_AOA2.stl,wheel_W0.56.stl,False,False,
S1.42_h0.28_AOA2_W0.63,False,1.42,0.28,2,0.63,-0.450,outboard_strong,0.240,wing_S1.42_h0.28_AOA2.stl,wheel_W0.63.stl,False,False,
S1.42_h0.28_AOA2_W0.70,False,1.42,0.28,2,0.70,-0.520,outboard_strong,0.240,wing_S1.42_h0.28_AOA2.stl,wheel_W0.70.stl,False,False,
S1.42_h0.28_AOA4_W0.56,False,1.42,0.28,4,0.56,-0.380,outboard_strong,0.240,wing_S1.42_h0.28_AOA4.stl,wheel_W0.56.stl,False,False,
S1.42_h0.28_AOA4_W0.63,False,1.42,0.28,4,0.63,-0.450,outboard_strong,0.240,wing_S1.42_h0.28_AOA4.stl,wheel_W0.63.stl,False,False,
S1.42_h0.28_AOA4_W0.70,False,1.42,0.28,4,0.70,-0.520,outboard_strong,0.240,wing_S1.42_h0.28_AOA4.stl,wheel_W0.70.stl,False,False,
S1.42_h0.28_AOA6_W0.56,False,1.42,0.28,6,0.56,-0.380,outboard_strong,0.240,wing_S1.42_h0.28_AOA6.stl,wheel_W0.56.stl,False,False,
S1.42_h0.28_AOA6_W0.63,False,1.42,0.28,6,0.63,-0.450,outboard_strong,0.240,wing_S1.42_h0.28_AOA6.stl,wheel_W0.63.stl,False,False,
S1.42_h0.28_AOA6_W0.70,False,1.42,0.28,6,0.70,-0.520,outboard_strong,0.240,wing_S1.42_h0.28_AOA6.stl,wheel_W0.70.stl,False,False,
S1.42_h0.28_AOA8_W0.56,False,1.42,0.28,8,0.56,-0.380,outboard_strong,0.240,wing_S1.42_h0.28_AOA8.stl,wheel_W0.56.stl,False,False,
S1.42_h0.28_AOA8_W0.63,False,1.42,0.28,8,0.63,-0.450,outboard_strong,0.240,wing_S1.42_h0.28_AOA8.stl,wheel_W0.63.stl,False,False,
S1.42_h0.28_AOA8_W0.70,False,1.42,0.28,8,0.70,-0.520,outboard_strong,0.240,wing_S1.42_h0.28_AOA8.stl,wheel_W0.70.stl,False,False,
S1.42_h0.28_AOA10_W0.56,False,1.42,0.28,10,0.56,-0.380,outboard_strong,0.240,wing_S1.42_h0.28_AOA10.stl,wheel_W0.56.stl,False,False,
S1.42_h0.28_AOA10_W0.63,False,1.42,0.28,10,0.63,-0.450,outboard_strong,0.240,wing_S1.42_h0.28_AOA10.stl,wheel_W0.63.stl,False,False,
S1.42_h0.28_AOA10_W0.70,False,1.42,0.28,10,0.70,-0.520,outboard_strong,0.240,wing_S1.42_h0.28_AOA10.stl,wheel_W0.70.stl,False,False,
S1.42_h0.28_AOA12_W0.56,False,1.42,0.28,12,0.56,-0.380,outboard_strong,0.240,wing_S1.42_h0.28_AOA12.stl,wheel_W0.56.stl,False,False,
S1.42_h0.28_AOA12_W0.63,False,1.42,0.28,12,0.63,-0.450,outboard_strong,0.240,wing_S1.42_h0.28_AOA12.stl,wheel_W0.63.stl,False,False,
S1.42_h0.28_AOA12_W0.70,False,1.42,0.28,12,0.70,-0.520,outboard_strong,0.240,wing_S1.42_h0.28_AOA12.stl,wheel_W0.70.stl,False,False,
S1.60_h0.08_AOA0_W0.56,False,1.60,0.08,0,0.56,-0.560,outboard_strong,0.040,wing_S1.60_h0.08_AOA0.stl,wheel_W0.56.stl,False,False,
S1.60_h0.08_AOA0_W0.63,False,1.60,0.08,0,0.63,-0.630,outboard_strong,0.040,wing_S1.60_h0.08_AOA0.stl,wheel_W0.63.stl,False,False,
S1.60_h0.08_AOA0_W0.70,False,1.60,0.08,0,0.70,-0.700,outboard_strong,0.040,wing_S1.60_h0.08_AOA0.stl,wheel_W0.70.stl,False,False,
S1.60_h0.08_AOA2_W0.56,False,1.60,0.08,2,0.56,-0.560,outboard_strong,0.040,wing_S1.60_h0.08_AOA2.stl,wheel_W0.56.stl,False,False,
S1.60_h0.08_AOA2_W0.63,False,1.60,0.08,2,0.63,-0.630,outboard_strong,0.040,wing_S1.60_h0.08_AOA2.stl,wheel_W0.63.stl,False,False,
S1.60_h0.08_AOA2_W0.70,False,1.60,0.08,2,0.70,-0.700,outboard_strong,0.040,wing_S1.60_h0.08_AOA2.stl,wheel_W0.70.stl,False,False,
S1.60_h0.08_AOA4_W0.56,False,1.60,0.08,4,0.56,-0.560,outboard_strong,0.040,wing_S1.60_h0.08_AOA4.stl,wheel_W0.56.stl,False,False,
S1.60_h0.08_AOA4_W0.63,False,1.60,0.08,4,0.63,-0.630,outboard_strong,0.040,wing_S1.60_h0.08_AOA4.stl,wheel_W0.63.stl,False,False,
S1.60_h0.08_AOA4_W0.70,False,1.60,0.08,4,0.70,-0.700,outboard_strong,0.040,wing_S1.60_h0.08_AOA4.stl,wheel_W0.70.stl,False,False,
S1.60_h0.08_AOA6_W0.56,False,1.60,0.08,6,0.56,-0.560,outboard_strong,0.040,wing_S1.60_h0.08_AOA6.stl,wheel_W0.56.stl,False,False,
S1.60_h0.08_AOA6_W0.63,False,1.60,0.08,6,0.63,-0.630,outboard_strong,0.040,wing_S1.60_h0.08_AOA6.stl,wheel_W0.63.stl,False,False,
S1.60_h0.08_AOA6_W0.70,False,1.60,0.08,6,0.70,-0.700,outboard_strong,0.040,wing_S1.60_h0.08_AOA6.stl,wheel_W0.70.stl,False,False,
S1.60_h0.08_AOA8_W0.56,False,1.60,0.08,8,0.56,-0.560,outboard_strong,0.040,wing_S1.60_h0.08_AOA8.stl,wheel_W0.56.stl,False,False,
S1.60_h0.08_AOA8_W0.63,False,1.60,0.08,8,0.63,-0.630,outboard_strong,0.040,wing_S1.60_h0.08_AOA8.stl,wheel_W0.63.stl,False,False,
S1.60_h0.08_AOA8_W0.70,False,1.60,0.08,8,0.70,-0.700,outboard_strong,0.040,wing_S1.60_h0.08_AOA8.stl,wheel_W0.70.stl,False,False,
S1.60_h0.08_AOA10_W0.56,False,1.60,0.08,10,0.56,-0.560,outboard_strong,0.040,wing_S1.60_h0.08_AOA10.stl,wheel_W0.56.stl,False,False,
S1.60_h0.08_AOA10_W0.63,False,1.60,0.08,10,0.63,-0.630,outboard_strong,0.040,wing_S1.60_h0.08_AOA10.stl,wheel_W0.63.stl,False,False,
S1.60_h0.08_AOA10_W0.70,False,1.60,0.08,10,0.70,-0.700,outboard_strong,0.040,wing_S1.60_h0.08_AOA10.stl,wheel_W0.70.stl,False,False,
S1.60_h0.08_AOA12_W0.56,False,1.60,0.08,12,0.56,-0.560,outboard_strong,0.040,wing_S1.60_h0.08_AOA12.stl,wheel_W0.56.stl,False,False,
S1.60_h0.08_AOA12_W0.63,False,1.60,0.08,12,0.63,-0.630,outboard_strong,0.040,wing_S1.60_h0.08_AOA12.stl,wheel_W0.63.stl,False,False,
S1.60_h0.08_AOA12_W0.70,False,1.60,0.08,12,0.70,-0.700,outboard_strong,0.040,wing_S1.60_h0.08_AOA12.stl,wheel_W0.70.stl,False,False,
S1.60_h0.13_AOA0_W0.56,False,1.60,0.13,0,0.56,-0.560,outboard_strong,0.090,wing_S1.60_h0.13_AOA0.stl,wheel_W0.56.stl,False,False,
S1.60_h0.13_AOA0_W0.63,False,1.60,0.13,0,0.63,-0.630,outboard_strong,0.090,wing_S1.60_h0.13_AOA0.stl,wheel_W0.63.stl,False,False,
S1.60_h0.13_AOA0_W0.70,False,1.60,0.13,0,0.70,-0.700,outboard_strong,0.090,wing_S1.60_h0.13_AOA0.stl,wheel_W0.70.stl,False,False,
S1.60_h0.13_AOA2_W0.56,False,1.60,0.13,2,0.56,-0.560,outboard_strong,0.090,wing_S1.60_h0.13_AOA2.stl,wheel_W0.56.stl,False,False,
S1.60_h0.13_AOA2_W0.63,False,1.60,0.13,2,0.63,-0.630,outboard_strong,0.090,wing_S1.60_h0.13_AOA2.stl,wheel_W0.63.stl,False,False,
S1.60_h0.13_AOA2_W0.70,False,1.60,0.13,2,0.70,-0.700,outboard_strong,0.090,wing_S1.60_h0.13_AOA2.stl,wheel_W0.70.stl,False,False,
S1.60_h0.13_AOA4_W0.56,False,1.60,0.13,4,0.56,-0.560,outboard_strong,0.090,wing_S1.60_h0.13_AOA4.stl,wheel_W0.56.stl,False,False,
S1.60_h0.13_AOA4_W0.63,False,1.60,0.13,4,0.63,-0.630,outboard_strong,0.090,wing_S1.60_h0.13_AOA4.stl,wheel_W0.63.stl,False,False,
S1.60_h0.13_AOA4_W0.70,False,1.60,0.13,4,0.70,-0.700,outboard_strong,0.090,wing_S1.60_h0.13_AOA4.stl,wheel_W0.70.stl,False,False,
S1.60_h0.13_AOA6_W0.56,False,1.60,0.13,6,0.56,-0.560,outboard_strong,0.090,wing_S1.60_h0.13_AOA6.stl,wheel_W0.56.stl,False,False,
S1.60_h0.13_AOA6_W0.63,False,1.60,0.13,6,0.63,-0.630,outboard_strong,0.090,wing_S1.60_h0.13_AOA6.stl,wheel_W0.63.stl,False,False,
S1.60_h0.13_AOA6_W0.70,False,1.60,0.13,6,0.70,-0.700,outboard_strong,0.090,wing_S1.60_h0.13_AOA6.stl,wheel_W0.70.stl,False,False,
S1.60_h0.13_AOA8_W0.56,False,1.60,0.13,8,0.56,-0.560,outboard_strong,0.090,wing_S1.60_h0.13_AOA8.stl,wheel_W0.56.stl,False,False,
S1.60_h0.13_AOA8_W0.63,False,1.60,0.13,8,0.63,-0.630,outboard_strong,0.090,wing_S1.60_h0.13_AOA8.stl,wheel_W0.63.stl,False,False,
S1.60_h0.13_AOA8_W0.70,False,1.60,0.13,8,0.70,-0.700,outboard_strong,0.090,wing_S1.60_h0.13_AOA8.stl,wheel_W0.70.stl,False,False,
S1.60_h0.13_AOA10_W0.56,False,1.60,0.13,10,0.56,-0.560,outboard_strong,0.090,wing_S1.60_h0.13_AOA10.stl,wheel_W0.56.stl,False,False,
S1.60_h0.13_AOA10_W0.63,False,1.60,0.13,10,0.63,-0.630,outboard_strong,0.090,wing_S1.60_h0.13_AOA10.stl,wheel_W0.63.stl,False,False,
S1.60_h0.13_AOA10_W0.70,False,1.60,0.13,10,0.70,-0.700,outboard_strong,0.090,wing_S1.60_h0.13_AOA10.stl,wheel_W0.70.stl,False,False,
S1.60_h0.13_AOA12_W0.56,False,1.60,0.13,12,0.56,-0.560,outboard_strong,0.090,wing_S1.60_h0.13_AOA12.stl,wheel_W0.56.stl,False,False,
S1.60_h0.13_AOA12_W0.63,False,1.60,0.13,12,0.63,-0.630,outboard_strong,0.090,wing_S1.60_h0.13_AOA12.stl,wheel_W0.63.stl,False,False,
S1.60_h0.13_AOA12_W0.70,False,1.60,0.13,12,0.70,-0.700,outboard_strong,0.090,wing_S1.60_h0.13_AOA12.stl,wheel_W0.70.stl,False,False,
S1.60_h0.18_AOA0_W0.56,False,1.60,0.18,0,0.56,-0.560,outboard_strong,0.140,wing_S1.60_h0.18_AOA0.stl,wheel_W0.56.stl,False,False,
S1.60_h0.18_AOA0_W0.63,False,1.60,0.18,0,0.63,-0.630,outboard_strong,0.140,wing_S1.60_h0.18_AOA0.stl,wheel_W0.63.stl,False,False,
S1.60_h0.18_AOA0_W0.70,False,1.60,0.18,0,0.70,-0.700,outboard_strong,0.140,wing_S1.60_h0.18_AOA0.stl,wheel_W0.70.stl,False,False,
S1.60_h0.18_AOA2_W0.56,False,1.60,0.18,2,0.56,-0.560,outboard_strong,0.140,wing_S1.60_h0.18_AOA2.stl,wheel_W0.56.stl,False,False,
S1.60_h0.18_AOA2_W0.63,False,1.60,0.18,2,0.63,-0.630,outboard_strong,0.140,wing_S1.60_h0.18_AOA2.stl,wheel_W0.63.stl,False,False,
S1.60_h0.18_AOA2_W0.70,False,1.60,0.18,2,0.70,-0.700,outboard_strong,0.140,wing_S1.60_h0.18_AOA2.stl,wheel_W0.70.stl,False,False,
S1.60_h0.18_AOA4_W0.56,False,1.60,0.18,4,0.56,-0.560,outboard_strong,0.140,wing_S1.60_h0.18_AOA4.stl,wheel_W0.56.stl,False,False,
S1.60_h0.18_AOA4_W0.63,False,1.60,0.18,4,0.63,-0.630,outboard_strong,0.140,wing_S1.60_h0.18_AOA4.stl,wheel_W0.63.stl,False,False,
S1.60_h0.18_AOA4_W0.70,False,1.60,0.18,4,0.70,-0.700,outboard_strong,0.140,wing_S1.60_h0.18_AOA4.stl,wheel_W0.70.stl,False,False,
S1.60_h0.18_AOA6_W0.56,False,1.60,0.18,6,0.56,-0.560,outboard_strong,0.140,wing_S1.60_h0.18_AOA6.stl,wheel_W0.56.stl,False,False,
S1.60_h0.18_AOA6_W0.63,False,1.60,0.18,6,0.63,-0.630,outboard_strong,0.140,wing_S1.60_h0.18_AOA6.stl,wheel_W0.63.stl,False,False,
S1.60_h0.18_AOA6_W0.70,False,1.60,0.18,6,0.70,-0.700,outboard_strong,0.140,wing_S1.60_h0.18_AOA6.stl,wheel_W0.70.stl,False,False,
S1.60_h0.18_AOA8_W0.56,False,1.60,0.18,8,0.56,-0.560,outboard_strong,0.140,wing_S1.60_h0.18_AOA8.stl,wheel_W0.56.stl,False,False,
S1.60_h0.18_AOA8_W0.63,False,1.60,0.18,8,0.63,-0.630,outboard_strong,0.140,wing_S1.60_h0.18_AOA8.stl,wheel_W0.63.stl,False,False,
S1.60_h0.18_AOA8_W0.70,False,1.60,0.18,8,0.70,-0.700,outboard_strong,0.140,wing_S1.60_h0.18_AOA8.stl,wheel_W0.70.stl,False,False,
S1.60_h0.18_AOA10_W0.56,False,1.60,0.18,10,0.56,-0.560,outboard_strong,0.140,wing_S1.60_h0.18_AOA10.stl,wheel_W0.56.stl,False,False,
S1.60_h0.18_AOA10_W0.63,False,1.60,0.18,10,0.63,-0.630,outboard_strong,0.140,wing_S1.60_h0.18_AOA10.stl,wheel_W0.63.stl,False,False,
S1.60_h0.18_AOA10_W0.70,False,1.60,0.18,10,0.70,-0.700,outboard_strong,0.140,wing_S1.60_h0.18_AOA10.stl,wheel_W0.70.stl,False,False,
S1.60_h0.18_AOA12_W0.56,False,1.60,0.18,12,0.56,-0.560,outboard_strong,0.140,wing_S1.60_h0.18_AOA12.stl,wheel_W0.56.stl,False,False,
S1.60_h0.18_AOA12_W0.63,False,1.60,0.18,12,0.63,-0.630,outboard_strong,0.140,wing_S1.60_h0.18_AOA12.stl,wheel_W0.63.stl,False,False,
S1.60_h0.18_AOA12_W0.70,False,1.60,0.18,12,0.70,-0.700,outboard_strong,0.140,wing_S1.60_h0.18_AOA12.stl,wheel_W0.70.stl,False,False,
S1.60_h0.28_AOA0_W0.56,False,1.60,0.28,0,0.56,-0.560,outboard_strong,0.240,wing_S1.60_h0.28_AOA0.stl,wheel_W0.56.stl,False,False,
S1.60_h0.28_AOA0_W0.63,False,1.60,0.28,0,0.63,-0.630,outboard_strong,0.240,wing_S1.60_h0.28_AOA0.stl,wheel_W0.63.stl,False,False,
S1.60_h0.28_AOA0_W0.70,False,1.60,0.28,0,0.70,-0.700,outboard_strong,0.240,wing_S1.60_h0.28_AOA0.stl,wheel_W0.70.stl,False,False,
S1.60_h0.28_AOA2_W0.56,False,1.60,0.28,2,0.56,-0.560,outboard_strong,0.240,wing_S1.60_h0.28_AOA2.stl,wheel_W0.56.stl,False,False,
S1.60_h0.28_AOA2_W0.63,False,1.60,0.28,2,0.63,-0.630,outboard_strong,0.240,wing_S1.60_h0.28_AOA2.stl,wheel_W0.63.stl,False,False,
S1.60_h0.28_AOA2_W0.70,False,1.60,0.28,2,0.70,-0.700,outboard_strong,0.240,wing_S1.60_h0.28_AOA2.stl,wheel_W0.70.stl,False,False,
S1.60_h0.28_AOA4_W0.56,False,1.60,0.28,4,0.56,-0.560,outboard_strong,0.240,wing_S1.60_h0.28_AOA4.stl,wheel_W0.56.stl,False,False,
S1.60_h0.28_AOA4_W0.63,False,1.60,0.28,4,0.63,-0.630,outboard_strong,0.240,wing_S1.60_h0.28_AOA4.stl,wheel_W0.63.stl,False,False,
S1.60_h0.28_AOA4_W0.70,False,1.60,0.28,4,0.70,-0.700,outboard_strong,0.240,wing_S1.60_h0.28_AOA4.stl,wheel_W0.70.stl,False,False,
S1.60_h0.28_AOA6_W0.56,False,1.60,0.28,6,0.56,-0.560,outboard_strong,0.240,wing_S1.60_h0.28_AOA6.stl,wheel_W0.56.stl,False,False,
S1.60_h0.28_AOA6_W0.63,False,1.60,0.28,6,0.63,-0.630,outboard_strong,0.240,wing_S1.60_h0.28_AOA6.stl,wheel_W0.63.stl,False,False,
S1.60_h0.28_AOA6_W0.70,False,1.60,0.28,6,0.70,-0.700,outboard_strong,0.240,wing_S1.60_h0.28_AOA6.stl,wheel_W0.70.stl,False,False,
S1.60_h0.28_AOA8_W0.56,False,1.60,0.28,8,0.56,-0.560,outboard_strong,0.240,wing_S1.60_h0.28_AOA8.stl,wheel_W0.56.stl,False,False,
S1.60_h0.28_AOA8_W0.63,False,1.60,0.28,8,0.63,-0.630,outboard_strong,0.240,wing_S1.60_h0.28_AOA8.stl,wheel_W0.63.stl,False,False,
S1.60_h0.28_AOA8_W0.70,False,1.60,0.28,8,0.70,-0.700,outboard_strong,0.240,wing_S1.60_h0.28_AOA8.stl,wheel_W0.70.stl,False,False,
S1.60_h0.28_AOA10_W0.56,False,1.60,0.28,10,0.56,-0.560,outboard_strong,0.240,wing_S1.60_h0.28_AOA10.stl,wheel_W0.56.stl,False,False,
S1.60_h0.28_AOA10_W0.63,False,1.60,0.28,10,0.63,-0.630,outboard_strong,0.240,wing_S1.60_h0.28_AOA10.stl,wheel_W0.63.stl,False,False,
S1.60_h0.28_AOA10_W0.70,False,1.60,0.28,10,0.70,-0.700,outboard_strong,0.240,wing_S1.60_h0.28_AOA10.stl,wheel_W0.70.stl,False,False,
S1.60_h0.28_AOA12_W0.56,False,1.60,0.28,12,0.56,-0.560,outboard_strong,0.240,wing_S1.60_h0.28_AOA12.stl,wheel_W0.56.stl,False,False,
S1.60_h0.28_AOA12_W0.63,False,1.60,0.28,12,0.63,-0.630,outboard_strong,0.240,wing_S1.60_h0.28_AOA12.stl,wheel_W0.63.stl,False,False,
S1.60_h0.28_AOA12_W0.70,False,1.60,0.28,12,0.70,-0.700,outboard_strong,0.240,wing_S1.60_h0.28_AOA12.stl,wheel_W0.70.stl,False,False,
