Name,NACA 4412
Chord(mm),75
Radius(mm),0
Thickness(%),100
Origin(%),0
Pitch(deg),0
,
Airfoil surface,
X(mm),Y(mm)
75.000000,-0.097500
71.250000,-1.102500
67.500000,-2.032500
60.000000,-3.667500
52.500000,-5.017500
45.000000,-6.105000
37.500000,-6.892500
30.000000,-7.350000
22.500000,-7.320000
18.750000,-7.057500
15.000000,-6.600000
11.250000,-5.917500
7.500000,-4.942500
5.625000,-4.320000
3.750000,-3.547500
1.875000,-2.542500
0.937500,-1.830000
0.000000,0.000000
0.937500,1.072500
1.875000,1.462500
3.750000,1.867500
5.625000,2.055000
7.500000,2.145000
11.250000,2.160000
15.000000,2.055000
18.750000,1.875000
22.500000,1.695000
30.000000,1.350000
37.500000,1.050000
45.000000,0.750000
52.500000,0.487500
60.000000,0.292500
67.500000,0.165000
71.250000,0.120000
75.000000,0.097500
,
Camber line,
X(mm),Y(mm)
0.000000,0.000000
0.937500,-0.378750
1.875000,-0.540000
3.750000,-0.840000
5.625000,-1.132500
7.500000,-1.398750
11.250000,-1.878750
15.000000,-2.272500
18.750000,-2.591250
22.500000,-2.812500
30.000000,-3.000000
37.500000,-2.921250
45.000000,-2.677500
52.500000,-2.265000
60.000000,-1.687500
67.500000,-0.933750
71.250000,-0.491250
75.000000,0.000000
,
Chord line,
X(mm),Y(mm)
0.000000,0.000000
75.000000,0.000000
